<?xml version="1.0" encoding="utf-8"?>
<odoo>
    <record model="ir.module.category" id="module_srcs_purchase">
        <field name="name">Requisition</field>
    </record>
    <record id="group_program_cordinator" model="res.groups">
        <field name="name">Program Coordinator</field>
        <field name="category_id" ref="module_srcs_purchase"/>
    </record>
    <record id="group_department" model="res.groups">
        <field name="name">Department</field>
        <!-- <field name="implied_ids" eval="[(4, ref('group_internal_request_user_view'))]"/> -->
        <field name="category_id" ref="module_srcs_purchase"/>
    </record>
    <record id="group_finance" model="res.groups">
        <field name="name">Finance</field>
        <!-- <field name="implied_ids" eval="[(4, ref('group_internal_request_user_view'))]"/> -->
        <field name="category_id" ref="module_srcs_purchase"/>
    </record>
    <record id="group_secretary_general" model="res.groups">
        <field name="name">Secretary General</field>
        <field name="category_id" ref="module_srcs_purchase"/>
    </record>
    <record id="group_procurement_officer" model="res.groups">
        <field name="name">Procurement Officer</field>
        <field name="category_id" ref="module_srcs_purchase"/>
    </record>
    <record id="group_supply_chain_manager" model="res.groups">
        <field name="name">Supply Chain Manager</field>
        <field name="category_id" ref="module_srcs_purchase"/>
    </record>
    <record id="group_inventory" model="res.groups">
        <field name="name">Inventory</field>
        <field name="category_id" ref="module_srcs_purchase"/>
    </record>

    <!-- Record Rules -->
    <!-- <record model="ir.rule" id="ir_internal_user_rule">
        <field name="name">Internal Request User</field>
        <field name="model_id" ref="model_internal_requisition"/>
        <field name="domain_force">['|',('requisition_responsible','=',False),('requisition_responsible','=',user.id)]
        </field>
        <field name="groups" eval="[(4, ref('group_internal_request_user_view'))]"/>
    </record>

    <record model="ir.rule" id="ir_internal_group_user">
        <field name="name">Filter Stock Picking Allowed</field>
        <field name="model_id" ref="stock.model_stock_picking"/>
        <field name="domain_force">[(1, '=', 1)]</field>
        <field name="groups" eval="[(4, ref('group_internal_request_user_view'))]"/>
    </record>



    <record id="internal_request_rule" model="ir.rule">
        <field name="name">multi-company internal request</field>
        <field name="model_id" ref="model_internal_requisition"/>
        <field name="domain_force">
            ['|',('company_id','=',False),('company_id','=',user.company_id.id),('company_id','child_of',[user.company_id.id])]
        </field>
    </record>

    <record model="ir.rule" id="ir_internal_manager_rule">
        <field name="name">Internal Request Manager</field>
        <field name="model_id" ref="model_internal_requisition"/>
        <field name="domain_force">[(1, '=', 1)]</field>
        <field name="groups" eval="[(4, ref('group_finance_manager_view'))]"/>
    </record> -->


</odoo>